url,displayName,section,weight
http://www.piperka.net,Piperka,Comics,0
http://www.ruthe.de/index.php?site=new,Ruthe,Comics,0
http://www.der-flix.de/,Der Flix,Comics,0
http://www.die-fruehreifen.de/,Die Frühreifen,Comics,0
http://www.demolitionsquad.de/,Demolition Squad,Comics,0
http://sarahburrini.com/wordpress/,Das Leben ist kein Ponyhof,Comics,0
http://www.spinnyverse.com/,Spinnerette,Comics,0
http://www.cad-comic.com/cad/,CAD,Comics,0
http://www.npccomic.com/,NPC Comic,Comics,0
http://sarakleeyo.webcomic.ws/comics/,Sarah & Kleeyo,Comics,0
http://zenpencils.com/,Zen Pencils,Comics,0
http://the-qlc.com/,Quarter Life Crisis,Comics,0
http://www.webcomicsnation.com/garrettanderson/newtonslaw/series.php,Newton's Law,Comics,0
http://sydneypadua.com/2dgoggles/,2D Goggles,Comics,0
http://www.berrytube.tv,Berrytube,Foren & Community,0
http://forums.xkcd.com/,xkcd Foren,Foren & Community,0
http://de-de.facebook.com/,Facebook,Foren & Community,0
http://forum.dnd-gate.de/index.php?act=idx,DnD Gate,Foren & Community,0
http://tvtropes.org/pmwiki/pmwiki.php/Main/HomePage,TV-Tropes,Foren & Community,0
http://www.youtube.com/,YouTube,Foren & Community,0
http://www.reddit.com,reddit,Foren & Community,0
http://lesswrong.com/,Less Wrong,Foren & Community,0
http://blog.fefe.de/,fefe,Blogs & Listings,0
http://www.tumblr.com,tumblr,Blogs & Listings,0
http://thedailywtf.com/Articles/,The Daily WTF,Blogs & Listings,0
http://german-bash.org/action/latest,German Bash,Blogs & Listings,0
http://ibash.de/neueste_1.html,ibash,Blogs & Listings,0
http://bash.org/?latest,bash,Blogs & Listings,0
http://www.chilloutzone.net/,Chilloutzone,Blogs & Listings,0
http://www.escapistmagazine.com/videos/view/zero-punctuation?page=1,Zero Punctuation,Blogs & Listings,0
http://extra-credits.net/,Extra Credits,Blogs & Listings,0
http://www.ted.com/,TED,Sonstiges,0
http://scienceinmyfiction.com/,Science in my fiction,Sonstiges,0
http://www.gizmag.com/,gizmag,Sonstiges,0
http://www.io9.com/,io9,Sonstiges,0
http://4walled.cc/,4walled,Sonstiges,0
http://unpopularveganessays.blogspot.de/,Unpopular vegan essays,Sonstiges,0
http://www.scottaaronson.com/blog/,Shtetl Optimized,Sonstiges,0
http://worldofweirdthings.com/,World of weird things,Sonstiges,0
http://www.rockpapershotgun.com,"Rock, Paper, Shotgun",Blogs & Listings,0
http://mochiland.com/,Mochi Blog,Sonstiges,0
http://frank.geekheim.de/,Knowledge brings fear,Sonstiges,0
http://veganskeptic.blogspot.de/,Vegan Sceptic,Sonstiges,0
http://admin.sedan.uni-osnabrueck.de/,Admin Interface,Studium & SedaNet,0
http://www.sedan.uos.de/~mp45/test.php,Traffic Interface,Studium & SedaNet,0
http://www.systemwissenschaft.de/,Systemer Wiki,Studium & SedaNet,0
http://avida.devosoft.org/,Avida,Studium & SedaNet,0
http://www.simsesam.de/,SeSam,Studium & SedaNet,0
http://www.notch.net,Notch,Blogs & Listings,0
http://www.swcombine.com,Star Wars Combine,Später lesen,0
http://aidanmoher.com/blog/featured-article/2013/05/we-have-always-fought-challenging-the-women-cattle-and-slaves-narrative-by-kameron-hurley/,A Dribble of Ink,Später lesen,0
http://2dgameartforprogrammers.blogspot.ca/,2D Game Art,Später lesen,0
http://www.efytimes.com/e1/fullnews.asp?edid=129311,Programming Cheat-Sheets,Später lesen,0
http://www.fimfiction.net/,Fimfiction,Fanfic,0
https://www.fanfiction.net/s/3401052/1/A-Black-Comedy,A Black Comedy,Fanfic,0
http://opengameart.org/content/new-beginning,A new beginning,SGRef,0
http://stevewedig.com/2014/02/03/software-developers-reading-list/,A Dev's Reading List,Später lesen,0
https://www.fanfiction.net/s/6947125/,A study in magic,Fanfic,0
http://timeglider.com/t/f1a836311fa00bb3,Worm timeline,Später lesen,0
http://az-pekt.deviantart.com/art/Accidentally-page-11-367177548,Accidentally,Fanfic,0
https://www.fanfiction.net/s/8965788/1/Across-the-Dimensional-Gap,Across the Dimensional Gap,Fanfic,0
https://www.fanfiction.net/s/5784632/1/Alexandra-Quick-and-the-Deathly-Regiment,AQATDR,Fanfic,0
https://www.fanfiction.net/s/7689884/1/Alexandra-Quick-and-the-Stars-Above,AQATSA,Fanfic,0
https://www.fanfiction.net/s/3964606/1/Alexandra-Quick-and-the-Thorn-Circle,AQATTC,Fanfic,0
https://www.fanfiction.net/s/4684861/1/Alexandra-Quick-and-the-Lands-Below,AQATLB,Fanfic,0
http://en.wikipedia.org/wiki/All_Watched_Over_by_Machines_of_Loving_Grace_(TV_series),All watched over by machines of loving grace,Später lesen,0
http://lesswrong.com/lw/dhg/an_intuitive_explanation_of_solomonoff_induction/,ACG to Solomonoff Induction,Später lesen,0
http://tailsteak.com/archive.php?num=491,Basic Timetravel Etiquette,Später lesen,0
http://www.archiveteam.org/index.php?title=Main_Page,Archive-Team,Später lesen,0
http://arstechnica.com/,Ars Technica,Blogs & Listings,0
http://www.reddit.com/r/gameassets,Game assets subreddit,Später lesen,0
http://www.avasdemon.com/pages.php?page=0001,Ava's Demon,Später lesen,0
http://opengameart.org/content/background-space-track,Backgroun Spacetrack,SGRef,0
http://backreaction.blogspot.de/2007/09/imaginary-part.html,Back Reaction,Später lesen,0
http://probcomp.csail.mit.edu/bayesdb/,BayesDB,Später lesen,0
http://bigocheatsheet.com/,O(n) complexity,Später lesen,0
https://www.fanfiction.net/s/7358324/1/Bleach-The-Equestria-Arc,Bleach: The Equestria Arc,Fanfic,0
http://www.reddit.com/r/programming/comments/1wok1u/books_that_can_eventually_make_you_a_better/,Programming Books,Später lesen,0
https://www.fanfiction.net/s/9658524/1/Branches-on-the-Tree-of-Time,Branches on the Tree of Time,Fanfic,0
https://bronytunes.com/#!/showcase,BronyTunes,Später lesen,0
http://quotes.berrytube.tv/,Berrytube Quotes,Foren & Community,0
http://learnyouahaskell.com/chapters,Learn you a Haskell,Später lesen,0
http://www.hobbygamedev.com/,Hobby Gamedev,Später lesen,0
http://stefangagne.com/cityofangles/,City of Angles,Später lesen,0
http://www.comicscontinuum.com/stories/1304/23/mylittleponymicro38.htm,Comics Continuum,Comics,0
http://compohub.net/,CompoHub,Später lesen,0
http://www.bottomupcs.com/,CS from the Bottom Up,Später lesen,0
https://www.fanfiction.net/s/7062230/1/Concentric-Wavelengths,Concentric Wavelengths,Fanfic,0
https://www.coursera.org/,Coursera,Später lesen,0
https://www.fanfiction.net/s/1995083/1/Crumpets_Arent_My_Style,Crumpets aren't my style,Fanfic,0
http://opengameart.org/content/deep-space-flight,Deep Space Flights,SGRef,0
https://www.fanfiction.net/s/9584823/1/Depart-Azkaban,Depart Azkaban,Fanfic,0
http://www.segerman.org/diamond/,Diamond GO,Später lesen,0
https://secure.ecircle-ag.com/bonita/home/login.jsp,E-Circle,Arbeit,0
http://www.eldritchgame.com/,Eldritch,Später lesen,0
http://www.falstad.com/emwave2/,ED Simulation,Später lesen,0
http://www.emptytriangle.com/archive/show/2,Empty Triangle,Später lesen,0
http://emulicious.net/,Emulicious,Später lesen,0
http://edowaado.deviantart.com/art/Doctor-Whooves-End-Game-Pt-1-346368141,End Game,Fanfic,0
http://robotacid.com/flash/ending/,Ending,Später lesen,0
http://elementsofparody.com/?page_id=2,Elements of Parody,Fanfic,0
http://www.equestriadaily.com/2011/06/story-in-her-majestys-royal-service.html,In Her Majesty's Royal Service,Fanfic,0
http://www.equestriadaily.com/2011/06/story-kindness-of-strangers.html,The Kindness of Strangers,Fanfic,0
http://www.equestriadaily.com/2012/02/story-white-box.html,White Box,Fanfic,0
http://www.essentialmath.com/tutorial.htm,Essential Math for Programming,Später lesen,0
http://www.eve-central.com/,EVE Central,Später lesen,0
http://www.explainxkcd.com/wiki/index.php?title=Main_Page,Explain XKCD,Später lesen,0
http://www.p0ody-files.com/ffnet_to_epub/,FF.net to Epub,Fanfic,0
https://docs.google.com/document/d/1gU-ZROmZu0Xitw_pfC1ktCDvJH5rM85TxxQf5pg_xmg/mobilebasic?pli=1,FIM++ Specifications,Später lesen,0
http://fimpp.wikia.com/wiki/FiM%2B%2B_Wiki,FIM++ Wiki,Später lesen,0
http://friendshipisdragons.thecomicseries.com/,Friendship is Dragons,Fanfic,0
http://gamasutra.com/,Gamasutra,Später lesen,0
http://www.gamefromscratch.com/page/Game-Development-Math-Recipes.aspx,Gamedev Math Recipes,Später lesen,0
http://www.gamejamcentral.com/,GameJam Centraö,Später lesen,0
http://gameprogrammingpatterns.com/state.html,Game Programming Patterns,Später lesen,0
http://www.gdcvault.com/gdmag,GDCVault,Später lesen,0
http://geoguessr.com/,Geoguessr,Später lesen,0
http://www.johnnywander.com/comics/100,Girl with the Skeleton Hand,Später lesen,0
http://nick.geek.nz/greyapocalypse/,Grey Apocalypse,Später lesen,0
http://richardhartersworld.com/cri_d/cri/2001/badsort.html,Inefficient Sort Algorithms,Später lesen,0
https://docs.google.com/document/d/1zHVuKdaHKDfEe5UVyeV___ORUnB3PW5kwJSJKm7-nG8/edit?hl=en_GB&authkey=CPS3kuUD,It's my first day,Fanfic,0
http://www.kiwisbybeat.com/minus1.html,Minus,Comics,0
http://klatschundbratsch.wordpress.com/,Klatsch und Bra,Blogs & Listings,0
http://ltheory.com/,Limit Theory,Später lesen,0
http://www.ludumdare.com/,Ludum Dare,Später lesen,0
http://luminous.elcenia.com/story.shtml,Luminosity,Fanfic,0
https://github.com/mafik/random-word-generator,Random Word Generator,Später lesen,0
https://www.fanfiction.net/s/6822698/1/Magic-as-opposed-to-Magic,Magic as opposed to magic,Fanfic,0
https://github.com/mame/quine-relay,Quine Relay,Später lesen,0
https://www.fanfiction.net/s/7864670/,Mandragora,Fanfic,0
http://www.terrybisson.com/page6/page6.html,Meat,Später lesen,0
http://www.michaeldashow.com/zoom/zoom_adorable.html,Michael Dashow,Später lesen,0
http://midnightresistance.co.uk/,Midnight Resistance,Blogs & Listings,0
https://www.fanfiction.net/s/9216685/1/MLP-Loops,MLP Loops,Fanfic,0
http://www.mspaintadventures.com/?s=6&p=007163,MSPA Game,Später lesen,0
http://musicforprogramming.net/,music for programming,Später lesen,0
http://www.mylittlewallpaper.com/?sort=popularity,My little Wallpaper,Später lesen,0
https://www.fanfiction.net/s/4823029/1/Naruto-Game-of-the-Year-Edition,Naruto: GOTYE,Fanfic,0
http://comic.naver.com/en/index.html,NAVAR WEBTOON,Später lesen,0
http://nerdkingdom.com/,TUG,Später lesen,0
http://notch.net/,Notch.net,Blogs & Listings,0
http://the-witness.net/news/,The Witness,Später lesen,0
http://www.seewithperspective.com/,See with perspective,Später lesen,0
http://nathansuniversity.com/,Create your own Programming Language,Später lesen,0
http://www.stargazing.net/kepler/ellipse.html,Planet Positions Eliptic orbits,Später lesen,0
http://www.prequeladventure.com/,PREQUEL: Making a cat cry,Comics,0
https://www.fanfiction.net/s/3766574/1/Prince_of_the_Dark_Kingdom,Prince of the Dark Kingdom,Fanfic,0
https://www.fanfiction.net/s/7403966/1/Princess_Textlestia,Princess Textlestia,Fanfic,0
http://www.program-transformation.org/,Programm Transformation,Später lesen,0
http://prog21.dadgum.com/,Shattersnipe,Blogs & Listings,0
http://opengameart.org/content/puzzle-tune-1,Puzzle Tune,SGRef,0
https://en.wikipedia.org/wiki/Rick_Cook#Wizardry_series,Wizardry Series,Später lesen,0
http://www.fahrplaner.de/hafas/query.exe/dn?L=swo,Fahrplaner,Arbeit,0
http://pipeline.corante.com/,In the Pipeline,Blogs & Listings,0
http://shmooedfood.blogspot.de/,Shmooedfood,Blogs & Listings,0
http://adriann.github.io/programming_problems.html,Simple Programming Problems,Später lesen,0
http://abstractstrategygames.blogspot.co.uk/2010/10/singularity-chess.html,Singularity Chess,Später lesen,0
http://slatestarcodex.com/,Slate Start Codex,Blogs & Listings,0
https://www.fanfiction.net/s/7344066/1/Soul_of_a_Dragon,Soul of a Dragon,Fanfic,0
http://opengameart.org/content/space-ambient,Space Ambient,SGRef,0
http://opengameart.org/content/space-atmospere,Space Atmosphere,SGRef,0
http://opengameart.org/content/space-music-out-there,Out There,SGRef,0
http://opengameart.org/content/starcontrol-2-tribute,Star Control,SGRef,0
https://www.fanfiction.net/s/7051356/1/Stargate_Equestria,Stargate Equestria,Fanfic,0
http://starscenesoftware.com/vectrosity.html,Vectrosity,SGRef,0
http://www.newgrounds.com/portal/view/573755,Story of the blanks,Später lesen,0
http://www.stringtheorycomic.com/,String Theory,Comics,0
http://parahumans.wordpress.com/table-of-contents/,Worm,Später lesen,0
https://pactwebserial.wordpress.com/table-of-contents/,Pact,Später lesen,0
http://www.nickbostrom.com/fable/dragon.html,The fable of the dragon tyran,Später lesen,0
http://humblebronybundle.blogspot.de/,Humble Brony Bundle,Später lesen,0
https://www.fanfiction.net/s/9915682/1/The-Last-Christmas,The Last Christmas,Fanfic,0
http://localroger.com/prime-intellect/mopiidx.html,The Metamorphosis of Prime Intellect,Später lesen,0
http://www.nickwinter.net/the-motivation-hacker,The motivation hacker,Später lesen,0
http://natureofcode.com/book/,The nature of code,Später lesen,0
https://www.fanfiction.net/s/9215879/1/The-Prince-Who-Was-Promised,The prince that was promised,Fanfic,0
https://www.fanfiction.net/s/9669819/4/The-Two-Year-Emperor,The two year emperor,Fanfic,0
https://www.fanfiction.net/s/8858961/1/Timelords-and-Terror,Timelords and Terror,Fanfic,0
http://topwebfiction.com/?for=worm,Top Web Fiction,Später lesen,0
http://web.archive.org/web/20080420072304/http://www.tthfanfic.com/Story-16122/justaguy+A+Day+in+the+Life.htm,A Day in the life,Fanfic,0
http://www.infinityplus.co.uk/stories/under.htm?2,Understand,Später lesen,0
http://vollwert-blog.de/,Vollwert Blog,Blogs & Listings,0
http://en.wikipedia.org/wiki/Wang_tile,Wang Tiles,Später lesen,0
https://www.fanfiction.net/s/6363481/1/Weapons-Free,Weapons Free,Fanfic,0
http://wtwe.wikia.com/wiki/Where_the_World_Ends_Wiki,Where the World ends,Später lesen,0
http://www.undefined.net/1/0/,1/0,Comics,0
http://holdenlink.com/2011/04/a-students-guide-to-getting-into-the-games-industry/,A students's guide to getting,Später lesen,0
https://www.fanfiction.net/s/3983128/4/Culture-Shock,Culture Shock,Fanfic,0
http://namesakecomic.com/,Namesake,Comics,0
https://www.fanfiction.net/s/5330392/1/In_the_Arms_of_Morpheus:,In the arms of morpheus,Fanfic,0
http://www.toothycat.net/~hologram/Turing/,Magic is turing complete,Später lesen,0
https://archive.org/details/omni-magazine,OMNI archive,Später lesen,0
http://supernormalstep.com/,Supernormal step,Comics,0
http://www.shiftylook.com/comics/valkyrie/welcome-to-wunderland?utm_source=projectwonderful&utm_medium=banner&utm_campaign=test,Valkyrie,Comics,0
http://dev.bukkit.org/bukkit-plugins/terrain-control/,Terrain Control,Später lesen,0
http://www.endcomic.com/,The end,Comics,0
https://www.fanfiction.net/s/6370414/1/Harry_Potter_and_the_God_of_Death,HPAT God of Death,Fanfic,0
https://www.fanfiction.net/s/8096183/1/Harry_Potter_and_the_Natural_20,HPAT Natural 20,Fanfic,0
http://www.wherethefuckshouldigotoeat.com/?wherethefuck,WHERE THE FUCK SHOULD I GO TO EAT?!,Später lesen,0
https://www.fanfiction.net/s/10006313/3/Ascension,Ascension,Fanfic,0
http://thecodelesscode.com/contents,The Codeless Code,Blogs & Listings,0
http://www.hutter1.net/prize/,Hutter Price,Später lesen,0
http://rjlipton.wordpress.com/,Gödel's Lost Letter,Blogs & Listings,0
http://archiveofourown.org/works/1152749/chapters/2337442,Cenotaph,Fanfic,0
